video_hash,kept_path,kept_label,dropped_path,dropped_label,label_conflict
42eda1068161c85c5d89d0966db5794301f6c6d6ef809388a74eea92fe308646,/Users/rafiabhista/Documents/code/apple/c1_audio/emomv_2/aria/media/minhdanh/5e31d1e3-0187-4837-8530-60bbac61578f1/home/minhdanh/Documents/EmoMV/Dataset1/DS1_TRAIN_MATCH/exciting_Exciting_MV_3GPP(41)-2-of-8.mp4,exciting,/Users/rafiabhista/Documents/code/apple/c1_audio/emomv_2/aria/media/minhdanh/5e31d1e3-0187-4837-8530-60bbac61578f1/home/minhdanh/Documents/EmoMV/Dataset1/DS1_TRAIN_MATCH/exciting_TT(16).mp4,exciting,False
4eb2b5d63da82bfc433a262906e2e84305c32eacf354c2efe4a63b7e5c4d0dac,/Users/rafiabhista/Documents/code/apple/c1_audio/emomv_2/aria/media/minhdanh/5e31d1e3-0187-4837-8530-60bbac61578f1/home/minhdanh/Documents/EmoMV/Dataset1/DS1_TRAIN_MATCH/exciting_REVIEW_EXT_Q2(101).mp4,exciting,/Users/rafiabhista/Documents/code/apple/c1_audio/emomv_2/aria/media/minhdanh/5e31d1e3-0187-4837-8530-60bbac61578f1/home/minhdanh/Documents/EmoMV/Dataset1/DS1_TRAIN_MATCH/exciting_HAPPY_HEA(170)-2-of-5.mp4,exciting,False
7a9e93d90da8431a894aed0b6a37c231f23880ff171ddee7a075ad8ca63f1cce,/Users/rafiabhista/Documents/code/apple/c1_audio/emomv_2/aria/media/minhdanh/5e31d1e3-0187-4837-8530-60bbac61578f1/home/minhdanh/Documents/EmoMV/Dataset1/DS1_TRAIN_MATCH/exciting_Exciting_MV_3GPP(25)-7-of-8.mp4,exciting,/Users/rafiabhista/Documents/code/apple/c1_audio/emomv_2/aria/media/minhdanh/5e31d1e3-0187-4837-8530-60bbac61578f1/home/minhdanh/Documents/EmoMV/Dataset1/DS1_TRAIN_MATCH/exciting_EXT_S1(26).mp4,exciting,False
ec5b0a8a2d4dce73f3e0137a8e6affd03c070c3e254d8ddfdc9bafadde212717,/Users/rafiabhista/Documents/code/apple/c1_audio/emomv_2/aria/media/minhdanh/5e31d1e3-0187-4837-8530-60bbac61578f1/home/minhdanh/Documents/EmoMV/Dataset1/DS1_TRAIN_MATCH/exciting_Exciting_MV_NC02.mp4,exciting,/Users/rafiabhista/Documents/code/apple/c1_audio/emomv_2/aria/media/minhdanh/5e31d1e3-0187-4837-8530-60bbac61578f1/home/minhdanh/Documents/EmoMV/Dataset1/DS1_TRAIN_MATCH/exciting_REVIEW_EXT_Q2(26).mp4,exciting,False
1abd8a54ec02ff0364fc9767b360c858fbcb2ef6f8409c8caf76ee8c9a3398bc,/Users/rafiabhista/Documents/code/apple/c1_audio/emomv_2/aria/media/minhdanh/5e31d1e3-0187-4837-8530-60bbac61578f1/home/minhdanh/Documents/EmoMV/Dataset1/DS1_TRAIN_MATCH/exciting_REVIEW_EXT_Q2(15).mp4,exciting,/Users/rafiabhista/Documents/code/apple/c1_audio/emomv_2/aria/media/minhdanh/5e31d1e3-0187-4837-8530-60bbac61578f1/home/minhdanh/Documents/EmoMV/Dataset1/DS1_TRAIN_MATCH/exciting_Exciting_MV_3GPP(53)-2-of-9.mp4,exciting,False
fb63a30a6fd8df978eac1da0932869ea84122aee1d2c764f381c3c48c6096a2b,/Users/rafiabhista/Documents/code/apple/c1_audio/emomv_2/aria/media/minhdanh/5e31d1e3-0187-4837-8530-60bbac61578f1/home/minhdanh/Documents/EmoMV/Dataset1/DS1_TRAIN_MATCH/exciting_Exciting_MV_NC07.mp4,exciting,/Users/rafiabhista/Documents/code/apple/c1_audio/emomv_2/aria/media/minhdanh/5e31d1e3-0187-4837-8530-60bbac61578f1/home/minhdanh/Documents/EmoMV/Dataset1/DS1_TRAIN_MATCH/exciting_EXT_S1(28).mp4,exciting,False
8beb8e5415e0fab6a32baa95649b5185428e55a1169a8fb2aa80b6298472fd0a,/Users/rafiabhista/Documents/code/apple/c1_audio/emomv_2/aria/media/minhdanh/5e31d1e3-0187-4837-8530-60bbac61578f1/home/minhdanh/Documents/EmoMV/Dataset1/DS1_TRAIN_MATCH/fear_FINAL_DL_Fearr(39).mp4,fear,/Users/rafiabhista/Documents/code/apple/c1_audio/emomv_2/aria/media/minhdanh/5e31d1e3-0187-4837-8530-60bbac61578f1/home/minhdanh/Documents/EmoMV/Dataset1/DS1_TRAIN_MATCH/fear_FINAL_DL_Fearr(17).mp4,fear,False
430588ed54fc8df913e2ec8d646d7b44ad5fefbfa98d154ce9a54cc009ffea32,/Users/rafiabhista/Documents/code/apple/c1_audio/emomv_2/aria/media/minhdanh/5e31d1e3-0187-4837-8530-60bbac61578f1/home/minhdanh/Documents/EmoMV/Dataset1/DS1_TRAIN_MATCH/fear_FINAL_FEAR(7).mp4,fear,/Users/rafiabhista/Documents/code/apple/c1_audio/emomv_2/aria/media/minhdanh/5e31d1e3-0187-4837-8530-60bbac61578f1/home/minhdanh/Documents/EmoMV/Dataset1/DS1_TRAIN_MATCH/fear_Fear_FINAL_DL(4).mp4,fear,False
a301fb063eb9e0853fc727a156edf6d9ca3def51c17621ae0a8f2334bf8b452c,/Users/rafiabhista/Documents/code/apple/c1_audio/emomv_2/aria/media/minhdanh/5e31d1e3-0187-4837-8530-60bbac61578f1/home/minhdanh/Documents/EmoMV/Dataset1/DS1_TRAIN_MATCH/fear_FINAL_DL_Fearr(19).mp4,fear,/Users/rafiabhista/Documents/code/apple/c1_audio/emomv_2/aria/media/minhdanh/5e31d1e3-0187-4837-8530-60bbac61578f1/home/minhdanh/Documents/EmoMV/Dataset1/DS1_TRAIN_MATCH/fear_FINAL_DL_Fearr(41).mp4,fear,False
d766429b5a4bc3a32549e528780e6e95921f85edfa4cb544ff40f4ebc20df29a,/Users/rafiabhista/Documents/code/apple/c1_audio/emomv_2/aria/media/minhdanh/5e31d1e3-0187-4837-8530-60bbac61578f1/home/minhdanh/Documents/EmoMV/Dataset1/DS1_TRAIN_MATCH/tense_TENS_LLT(35)).mp4,tense,/Users/rafiabhista/Documents/code/apple/c1_audio/emomv_2/aria/media/minhdanh/5e31d1e3-0187-4837-8530-60bbac61578f1/home/minhdanh/Documents/EmoMV/Dataset1/DS1_TRAIN_MATCH/tense_TENS_HE(160)-11-of-13.mp4,tense,False
38f8eb1aff52c3d0d69bec5b0b27b099d79de0bfa7f54e4f8e3dceef857384ac,/Users/rafiabhista/Documents/code/apple/c1_audio/emomv_2/aria/media/minhdanh/5e31d1e3-0187-4837-8530-60bbac61578f1/home/minhdanh/Documents/EmoMV/Dataset1/DS1_TRAIN_MATCH/exciting_REVIEW_EXT_Q2(102).mp4,exciting,/Users/rafiabhista/Documents/code/apple/c1_audio/emomv_2/aria/media/minhdanh/5e31d1e3-0187-4837-8530-60bbac61578f1/home/minhdanh/Documents/EmoMV/Dataset1/DS1_TRAIN_MATCH/tense_HAPPY_HEA(200)-7-of-8.mp4,tense,True
25d5c3739766f6084a288e50acb63c430953ae0261abe13ee8528eb9662a7659,/Users/rafiabhista/Documents/code/apple/c1_audio/emomv_2/aria/media/minhdanh/5e31d1e3-0187-4837-8530-60bbac61578f1/home/minhdanh/Documents/EmoMV/Dataset1/DS1_TRAIN_MATCH/tense_TENS_HE(57)-5-of-9.mp4,tense,/Users/rafiabhista/Documents/code/apple/c1_audio/emomv_2/aria/media/minhdanh/5e31d1e3-0187-4837-8530-60bbac61578f1/home/minhdanh/Documents/EmoMV/Dataset1/DS1_TRAIN_MATCH/tense_TENS_LLT(73)).mp4,tense,False
043ca4f24c2372282662413bc85902e8b7f651a14c21966a97f7a75261a5b89e,/Users/rafiabhista/Documents/code/apple/c1_audio/emomv_2/aria/media/minhdanh/5e31d1e3-0187-4837-8530-60bbac61578f1/home/minhdanh/Documents/EmoMV/Dataset1/DS1_TRAIN_MATCH/fear_TENS_HE(81)-6-of-8.mp4,fear,/Users/rafiabhista/Documents/code/apple/c1_audio/emomv_2/aria/media/minhdanh/5e31d1e3-0187-4837-8530-60bbac61578f1/home/minhdanh/Documents/EmoMV/Dataset1/DS1_TRAIN_MATCH/tense_TENS_LLT(10)).mp4,tense,True
34d1153fd9e3e27cb887828c5030f409fac795900b404621deff216af43591c0,/Users/rafiabhista/Documents/code/apple/c1_audio/emomv_2/aria/media/minhdanh/5e31d1e3-0187-4837-8530-60bbac61578f1/home/minhdanh/Documents/EmoMV/Dataset1/DS1_TRAIN_MATCH/tense_TENS_LLT(65)).mp4,tense,/Users/rafiabhista/Documents/code/apple/c1_audio/emomv_2/aria/media/minhdanh/5e31d1e3-0187-4837-8530-60bbac61578f1/home/minhdanh/Documents/EmoMV/Dataset1/DS1_TRAIN_MATCH/tense_TENS_HE(44)-6-of-8.mp4,tense,False
4a3d37ff48f8a601dac6a255aa41b869dce87ad60d91cacd991d2558f3a06deb,/Users/rafiabhista/Documents/code/apple/c1_audio/emomv_2/aria/media/minhdanh/5e31d1e3-0187-4837-8530-60bbac61578f1/home/minhdanh/Documents/EmoMV/Dataset1/DS1_TRAIN_MATCH/tense_TENS_HE(49)-10-of-16.mp4,tense,/Users/rafiabhista/Documents/code/apple/c1_audio/emomv_2/aria/media/minhdanh/5e31d1e3-0187-4837-8530-60bbac61578f1/home/minhdanh/Documents/EmoMV/Dataset1/DS1_TRAIN_MATCH/tense_TENS_LLT(68)).mp4,tense,False
610a1c7fdf865499766d060146c840c7b21ee78cb6782f16ffe8b14cb054bb88,/Users/rafiabhista/Documents/code/apple/c1_audio/emomv_2/aria/media/minhdanh/5e31d1e3-0187-4837-8530-60bbac61578f1/home/minhdanh/Documents/EmoMV/Dataset1/DS1_TRAIN_MATCH/tense_TENS_LLT(43)).mp4,tense,/Users/rafiabhista/Documents/code/apple/c1_audio/emomv_2/aria/media/minhdanh/5e31d1e3-0187-4837-8530-60bbac61578f1/home/minhdanh/Documents/EmoMV/Dataset1/DS1_TRAIN_MATCH/tense_TENS_HE(188)-6-of-7.mp4,tense,False
1efb3895e5ed31478d594e686cac30161ee4e1c1e8f6940e995dc3a01ef1e83e,/Users/rafiabhista/Documents/code/apple/c1_audio/emomv_2/aria/media/minhdanh/5e31d1e3-0187-4837-8530-60bbac61578f1/home/minhdanh/Documents/EmoMV/Dataset1/DS1_TRAIN_MATCH/tense_TENS_HE(10)-5-of-8.mp4,tense,/Users/rafiabhista/Documents/code/apple/c1_audio/emomv_2/aria/media/minhdanh/5e31d1e3-0187-4837-8530-60bbac61578f1/home/minhdanh/Documents/EmoMV/Dataset1/DS1_TRAIN_MATCH/tense_TENS_LLT(50)).mp4,tense,False
b805536f7f82690f82a8c11194b37407f37b547235cd3800e2e12399e821e301,/Users/rafiabhista/Documents/code/apple/c1_audio/emomv_2/aria/media/minhdanh/5e31d1e3-0187-4837-8530-60bbac61578f1/home/minhdanh/Documents/EmoMV/Dataset1/DS1_TRAIN_MATCH/relax_RELX_MEA(10)-2-of-6.mp4,relax,/Users/rafiabhista/Documents/code/apple/c1_audio/emomv_2/aria/media/minhdanh/5e31d1e3-0187-4837-8530-60bbac61578f1/home/minhdanh/Documents/EmoMV/Dataset1/DS1_TRAIN_MATCH/relax_REVIEW_RLX_LLT(8).mp4,relax,False
24c389ed0db878b9a2f50934892d66e6747069b5359774f8bf67b3e92101ba5a,/Users/rafiabhista/Documents/code/apple/c1_audio/emomv_2/aria/media/minhdanh/5e31d1e3-0187-4837-8530-60bbac61578f1/home/minhdanh/Documents/EmoMV/Dataset1/DS1_TRAIN_MATCH/relax_REVIEW_RLX_LLT(17).mp4,relax,/Users/rafiabhista/Documents/code/apple/c1_audio/emomv_2/aria/media/minhdanh/5e31d1e3-0187-4837-8530-60bbac61578f1/home/minhdanh/Documents/EmoMV/Dataset1/DS1_TRAIN_MATCH/relax_RELX_MEA(16)-8-of-9.mp4,relax,False
5644c432d3a728e9fd9b727e05e62fefcd7d7bde2eb333dd0c55aa854d75b8d3,/Users/rafiabhista/Documents/code/apple/c1_audio/emomv_2/aria/media/minhdanh/5e31d1e3-0187-4837-8530-60bbac61578f1/home/minhdanh/Documents/EmoMV/Dataset1/DS1_TRAIN_MATCH/relax_REVIEW_RLX_LLT(1).mp4,relax,/Users/rafiabhista/Documents/code/apple/c1_audio/emomv_2/aria/media/minhdanh/5e31d1e3-0187-4837-8530-60bbac61578f1/home/minhdanh/Documents/EmoMV/Dataset1/DS1_TRAIN_MATCH/relax_RELX_MEA(0)-10-of-11.mp4,relax,False
4f17771da19a5bbcd346f5ec4a28d1d8356e94a906d385506b90a8fdd9ac5747,/Users/rafiabhista/Documents/code/apple/c1_audio/emomv_2/aria/media/minhdanh/5e31d1e3-0187-4837-8530-60bbac61578f1/home/minhdanh/Documents/EmoMV/Dataset1/DS1_TRAIN_MATCH/relax_REVIEW_RLX_LLT(18).mp4,relax,/Users/rafiabhista/Documents/code/apple/c1_audio/emomv_2/aria/media/minhdanh/5e31d1e3-0187-4837-8530-60bbac61578f1/home/minhdanh/Documents/EmoMV/Dataset1/DS1_TRAIN_MATCH/relax_RELX_MEA(24)-5-of-11.mp4,relax,False
6933dc3968fffb6f6096f2c6f939e864b0cd4fa71dea330e29bfdb1df70b4064,/Users/rafiabhista/Documents/code/apple/c1_audio/emomv_2/aria/media/minhdanh/5e31d1e3-0187-4837-8530-60bbac61578f1/home/minhdanh/Documents/EmoMV/Dataset1/DS1_TRAIN_MATCH/relax_RELX_MEA(11)-5-of-9.mp4,relax,/Users/rafiabhista/Documents/code/apple/c1_audio/emomv_2/aria/media/minhdanh/5e31d1e3-0187-4837-8530-60bbac61578f1/home/minhdanh/Documents/EmoMV/Dataset1/DS1_TRAIN_MATCH/relax_REVIEW_RLX_LLT(9).mp4,relax,False
d6dc61618655023d525508fac39cc07eed38c7d83ae2331d083a268fa11c3699,/Users/rafiabhista/Documents/code/apple/c1_audio/emomv_2/aria/media/minhdanh/5e31d1e3-0187-4837-8530-60bbac61578f1/home/minhdanh/Documents/EmoMV/Dataset1/DS1_TRAIN_MATCH/relax_REVIEW_RLX_LLT(20).mp4,relax,/Users/rafiabhista/Documents/code/apple/c1_audio/emomv_2/aria/media/minhdanh/5e31d1e3-0187-4837-8530-60bbac61578f1/home/minhdanh/Documents/EmoMV/Dataset1/DS1_TRAIN_MATCH/relax_RELX_MEA(24)-10-of-11.mp4,relax,False
49ef376d3fa5c06ecd4cff1b7b71045c23ed35246755a710b001acaba8bc6093,/Users/rafiabhista/Documents/code/apple/c1_audio/emomv_2/aria/media/minhdanh/5e31d1e3-0187-4837-8530-60bbac61578f1/home/minhdanh/Documents/EmoMV/Dataset1/DS1_TRAIN_MATCH/relax_REVIEW_RLX_LLT(4).mp4,relax,/Users/rafiabhista/Documents/code/apple/c1_audio/emomv_2/aria/media/minhdanh/5e31d1e3-0187-4837-8530-60bbac61578f1/home/minhdanh/Documents/EmoMV/Dataset1/DS1_TRAIN_MATCH/relax_RELX_MEA(7)-2-of-7.mp4,relax,False
d4f9f300dfd6080cd7f8553c9e14f1235723b32323eeb3ac725284a90523dcc7,/Users/rafiabhista/Documents/code/apple/c1_audio/emomv_2/aria/media/minhdanh/5e31d1e3-0187-4837-8530-60bbac61578f1/home/minhdanh/Documents/EmoMV/Dataset1/DS1_TRAIN_MATCH/relax_RELX_MEA(31)-2-of-9.mp4,relax,/Users/rafiabhista/Documents/code/apple/c1_audio/emomv_2/aria/media/minhdanh/5e31d1e3-0187-4837-8530-60bbac61578f1/home/minhdanh/Documents/EmoMV/Dataset1/DS1_TRAIN_MATCH/relax_REVIEW_RLX_LLT(27).mp4,relax,False
cbac96de36839ed91be2b9364f93a68d9141e27b18a7df9aafa1bca69b8025fd,/Users/rafiabhista/Documents/code/apple/c1_audio/emomv_2/aria/media/minhdanh/5e31d1e3-0187-4837-8530-60bbac61578f1/home/minhdanh/Documents/EmoMV/Dataset1/DS1_TRAIN_MATCH/relax_RELX_MEA(29)-1-of-11.mp4,relax,/Users/rafiabhista/Documents/code/apple/c1_audio/emomv_2/aria/media/minhdanh/5e31d1e3-0187-4837-8530-60bbac61578f1/home/minhdanh/Documents/EmoMV/Dataset1/DS1_TRAIN_MATCH/relax_REVIEW_RLX_LLT(21).mp4,relax,False
4b8eaecef6c5e3d8abab923d4a50e5a0da3b2b3fc2dfc9000fc78fe6cd75e70f,/Users/rafiabhista/Documents/code/apple/c1_audio/emomv_2/aria/media/minhdanh/5e31d1e3-0187-4837-8530-60bbac61578f1/home/minhdanh/Documents/EmoMV/Dataset1/DS1_TRAIN_MATCH/relax_REVIEW_RLX_LLT(28).mp4,relax,/Users/rafiabhista/Documents/code/apple/c1_audio/emomv_2/aria/media/minhdanh/5e31d1e3-0187-4837-8530-60bbac61578f1/home/minhdanh/Documents/EmoMV/Dataset1/DS1_TRAIN_MATCH/relax_RELX_MEA(0)-2-of-11.mp4,relax,False
1980f25d53c2c1bb64380fc5b7c0ae3eca8fabf1a0ddc315f5c0b2905c6b7af6,/Users/rafiabhista/Documents/code/apple/c1_audio/emomv_2/aria/media/minhdanh/5e31d1e3-0187-4837-8530-60bbac61578f1/home/minhdanh/Documents/EmoMV/Dataset1/DS1_TRAIN_MATCH/relax_RELX_MEA(8)-4-of-7.mp4,relax,/Users/rafiabhista/Documents/code/apple/c1_audio/emomv_2/aria/media/minhdanh/5e31d1e3-0187-4837-8530-60bbac61578f1/home/minhdanh/Documents/EmoMV/Dataset1/DS1_TRAIN_MATCH/relax_REVIEW_RLX_LLT(7).mp4,relax,False
418063bc16ac15c28266276dff72955cceadd472363e34ca3452b7ee0eae0a94,/Users/rafiabhista/Documents/code/apple/c1_audio/emomv_2/aria/media/minhdanh/5e31d1e3-0187-4837-8530-60bbac61578f1/home/minhdanh/Documents/EmoMV/Dataset1/DS1_TRAIN_MATCH/relax_RELX_MEA(29)-10-of-11.mp4,relax,/Users/rafiabhista/Documents/code/apple/c1_audio/emomv_2/aria/media/minhdanh/5e31d1e3-0187-4837-8530-60bbac61578f1/home/minhdanh/Documents/EmoMV/Dataset1/DS1_TRAIN_MATCH/relax_REVIEW_RLX_LLT(24).mp4,relax,False
a70620d039e51b4162fe07244af103bf527d073fb0c6f0364a67cf6bdbbd725c,/Users/rafiabhista/Documents/code/apple/c1_audio/emomv_2/aria/media/minhdanh/5e31d1e3-0187-4837-8530-60bbac61578f1/home/minhdanh/Documents/EmoMV/Dataset1/DS1_TRAIN_MATCH/exciting_REVIEW_EXT_Q2(49).mp4,exciting,/Users/rafiabhista/Documents/code/apple/c1_audio/emomv_2/aria/media/minhdanh/5e31d1e3-0187-4837-8530-60bbac61578f1/home/minhdanh/Documents/EmoMV/Dataset1/DS1_VAL_MATCH/exciting_Exciting_MV_NC2(41)-6-of-8.mp4,exciting,False
8f02db1f02f746b481200c876be3e57abd0aeccccf3ba5adea28299f5835b2da,/Users/rafiabhista/Documents/code/apple/c1_audio/emomv_2/aria/media/minhdanh/5e31d1e3-0187-4837-8530-60bbac61578f1/home/minhdanh/Documents/EmoMV/Dataset1/DS1_TRAIN_MATCH/exciting_REVIEW_EXT_Q2(28).mp4,exciting,/Users/rafiabhista/Documents/code/apple/c1_audio/emomv_2/aria/media/minhdanh/5e31d1e3-0187-4837-8530-60bbac61578f1/home/minhdanh/Documents/EmoMV/Dataset1/DS1_VAL_MATCH/exciting_Exciting_MV_NC2(4)-2-of-8.mp4,exciting,False
10d1ea68c877cec6868c898203ec9bead05bb22221a3de0e88cb253194c478f6,/Users/rafiabhista/Documents/code/apple/c1_audio/emomv_2/aria/media/minhdanh/5e31d1e3-0187-4837-8530-60bbac61578f1/home/minhdanh/Documents/EmoMV/Dataset1/DS1_TRAIN_MATCH/exciting_Exciting_MV_3GPP(64)-7-of-8.mp4,exciting,/Users/rafiabhista/Documents/code/apple/c1_audio/emomv_2/aria/media/minhdanh/5e31d1e3-0187-4837-8530-60bbac61578f1/home/minhdanh/Documents/EmoMV/Dataset1/DS1_VAL_MATCH/exciting_REVIEW_EXT_Q2(21).mp4,exciting,False
8fbe44d75e6d581f75b0dd3e05176dca4b5dd0ab55bb2a2e912ae7a9b8d2befa,/Users/rafiabhista/Documents/code/apple/c1_audio/emomv_2/aria/media/minhdanh/5e31d1e3-0187-4837-8530-60bbac61578f1/home/minhdanh/Documents/EmoMV/Dataset1/DS1_TRAIN_MATCH/relax_RELX_MEA(16)-5-of-9.mp4,relax,/Users/rafiabhista/Documents/code/apple/c1_audio/emomv_2/aria/media/minhdanh/5e31d1e3-0187-4837-8530-60bbac61578f1/home/minhdanh/Documents/EmoMV/Dataset1/DS1_VAL_MATCH/relax_REVIEW_RLX_LLT(14).mp4,relax,False
0e34bf82ab0a9a1496aeff78a56de98a8dabb4d2ad84fbf50e017bd45a885b3b,/Users/rafiabhista/Documents/code/apple/c1_audio/emomv_2/aria/media/minhdanh/5e31d1e3-0187-4837-8530-60bbac61578f1/home/minhdanh/Documents/EmoMV/Dataset1/DS1_TRAIN_MATCH/relax_RELX_MEA(7)-5-of-7.mp4,relax,/Users/rafiabhista/Documents/code/apple/c1_audio/emomv_2/aria/media/minhdanh/5e31d1e3-0187-4837-8530-60bbac61578f1/home/minhdanh/Documents/EmoMV/Dataset1/DS1_VAL_MATCH/relax_REVIEW_RLX_LLT(5).mp4,relax,False
