dataset_source,orig_split,stem,emotion_label,emotion_id,video_path,fps,frame_count,duration,video_hash,video_id,source_group_id
DS1,train,exciting_ORG_EXT(189),exciting,0,/Users/rafiabhista/Documents/code/apple/c1_audio/emomv_2/aria/media/minhdanh/5e31d1e3-0187-4837-8530-60bbac61578f1/home/minhdanh/Documents/EmoMV/Dataset1/DS1_TRAIN_MATCH/exciting_ORG_EXT(189).mp4,23.976032911507087,1457,60.76901901901901,e08fbb6486c828abacbed7acec6d4891bf2369c630b371b260d21ad2267604f5,DS1__exciting_ORG_EXT(189),DS1__exciting_ORG_EXT(189)
DS1,train,exciting_ORG_EXT(80),exciting,0,/Users/rafiabhista/Documents/code/apple/c1_audio/emomv_2/aria/media/minhdanh/5e31d1e3-0187-4837-8530-60bbac61578f1/home/minhdanh/Documents/EmoMV/Dataset1/DS1_TRAIN_MATCH/exciting_ORG_EXT(80).mp4,25.0,946,37.84,5b26d288b1059605d22d70c1b0de1bb63acbfb82b67a920a19813332ca9ac0fd,DS1__exciting_ORG_EXT(80),DS1__exciting_ORG_EXT(80)
DS1,train,exciting_ORG_EXT(88),exciting,0,/Users/rafiabhista/Documents/code/apple/c1_audio/emomv_2/aria/media/minhdanh/5e31d1e3-0187-4837-8530-60bbac61578f1/home/minhdanh/Documents/EmoMV/Dataset1/DS1_TRAIN_MATCH/exciting_ORG_EXT(88).mp4,25.0,2279,91.16,f7ead74f86079430b0e30e00902b4d012b23e01a7bf504aff06e40e9300951c8,DS1__exciting_ORG_EXT(88),DS1__exciting_ORG_EXT(88)
DS1,train,exciting_ORG_EXT(116),exciting,0,/Users/rafiabhista/Documents/code/apple/c1_audio/emomv_2/aria/media/minhdanh/5e31d1e3-0187-4837-8530-60bbac61578f1/home/minhdanh/Documents/EmoMV/Dataset1/DS1_TRAIN_MATCH/exciting_ORG_EXT(116).mp4,23.97591548903312,969,40.41555787278415,b8af900402e58afce1f442b1d99be3915565007a9f1949adef116ae9e5c5834c,DS1__exciting_ORG_EXT(116),DS1__exciting_ORG_EXT(116)
DS1,train,fear_TT(0),fear,1,/Users/rafiabhista/Documents/code/apple/c1_audio/emomv_2/aria/media/minhdanh/5e31d1e3-0187-4837-8530-60bbac61578f1/home/minhdanh/Documents/EmoMV/Dataset1/DS1_TRAIN_MATCH/fear_TT(0).mp4,23.97609979646117,961,40.08158158158158,2e27a5c5bfb76370e887522b67effbd03ea6a54756d0f8ab68da4c3d3fb2d619,DS1__fear_TT(0),DS1__fear_TT(0)
DS1,train,tense_TENS_HE(161),tense,2,/Users/rafiabhista/Documents/code/apple/c1_audio/emomv_2/aria/media/minhdanh/5e31d1e3-0187-4837-8530-60bbac61578f1/home/minhdanh/Documents/EmoMV/Dataset1/DS1_TRAIN_MATCH/tense_TENS_HE(161).mp4,25.0,7422,296.88,582e5dece745ee38dcc380905840f7ae0b6fd38c6dc7ccf1ef9b0d83d3d53036,DS1__tense_TENS_HE(161),DS1__tense_TENS_HE(161)
DS1,train,tense_ORG_TENS(166),tense,2,/Users/rafiabhista/Documents/code/apple/c1_audio/emomv_2/aria/media/minhdanh/5e31d1e3-0187-4837-8530-60bbac61578f1/home/minhdanh/Documents/EmoMV/Dataset1/DS1_TRAIN_MATCH/tense_ORG_TENS(166).mp4,25.0,1458,58.32,aeb7e6267086ac236a57c3dcfe9577e8ae0f8638ae6781ded371ac25e6cd1f50,DS1__tense_ORG_TENS(166),DS1__tense_ORG_TENS(166)
DS1,train,sad_ORG_SAD(293),sad,3,/Users/rafiabhista/Documents/code/apple/c1_audio/emomv_2/aria/media/minhdanh/5e31d1e3-0187-4837-8530-60bbac61578f1/home/minhdanh/Documents/EmoMV/Dataset1/DS1_TRAIN_MATCH/sad_ORG_SAD(293).mp4,23.976100739919076,2142,89.33896396396396,508029760f5100fb6f8261fd5ad92649e2b31995ac1b8a7347303d2571816d27,DS1__sad_ORG_SAD(293),DS1__sad_ORG_SAD(293)
DS1,train,sad_ORG_SAD(100),sad,3,/Users/rafiabhista/Documents/code/apple/c1_audio/emomv_2/aria/media/minhdanh/5e31d1e3-0187-4837-8530-60bbac61578f1/home/minhdanh/Documents/EmoMV/Dataset1/DS1_TRAIN_MATCH/sad_ORG_SAD(100).mp4,23.976,868,36.20286953620287,a9b52250a72634d950b87764501c2e8ce92c032bc761e577f9f70f20ab5d64a8,DS1__sad_ORG_SAD(100),DS1__sad_ORG_SAD(100)
DS1,train,sad_ORG_SAD(266),sad,3,/Users/rafiabhista/Documents/code/apple/c1_audio/emomv_2/aria/media/minhdanh/5e31d1e3-0187-4837-8530-60bbac61578f1/home/minhdanh/Documents/EmoMV/Dataset1/DS1_TRAIN_MATCH/sad_ORG_SAD(266).mp4,23.976024193768108,991,41.33295795795796,ebafc6a3ceef71a65020cb0647d686183901d366730b8380e4810aae06eb5b3b,DS1__sad_ORG_SAD(266),DS1__sad_ORG_SAD(266)
DS1,train,sad_ORG_SAD(135),sad,3,/Users/rafiabhista/Documents/code/apple/c1_audio/emomv_2/aria/media/minhdanh/5e31d1e3-0187-4837-8530-60bbac61578f1/home/minhdanh/Documents/EmoMV/Dataset1/DS1_TRAIN_MATCH/sad_ORG_SAD(135).mp4,25.0,2257,90.28,3fd8d4f5e225378b887893d898c52d8a8d6b10b08aeae18d4778ecfec37c7a8f,DS1__sad_ORG_SAD(135),DS1__sad_ORG_SAD(135)
DS1,train,sad_ORG_SAD(278),sad,3,/Users/rafiabhista/Documents/code/apple/c1_audio/emomv_2/aria/media/minhdanh/5e31d1e3-0187-4837-8530-60bbac61578f1/home/minhdanh/Documents/EmoMV/Dataset1/DS1_TRAIN_MATCH/sad_ORG_SAD(278).mp4,25.0,2227,89.08,121a0e250c02cb8a5ee429a425a0f2e55a9573aca31811f4debef480157a3a1b,DS1__sad_ORG_SAD(278),DS1__sad_ORG_SAD(278)
DS1,train,sad_TT(8),sad,3,/Users/rafiabhista/Documents/code/apple/c1_audio/emomv_2/aria/media/minhdanh/5e31d1e3-0187-4837-8530-60bbac61578f1/home/minhdanh/Documents/EmoMV/Dataset1/DS1_TRAIN_MATCH/sad_TT(8).mp4,30.0,2657,88.56666666666666,8772132edc1b36c131a7c1edd8cb49e1e8a58a59f7947c41db3393aab6b56072,DS1__sad_TT(8),DS1__sad_TT(8)
DS1,train,sad_ORG_SAD(280),sad,3,/Users/rafiabhista/Documents/code/apple/c1_audio/emomv_2/aria/media/minhdanh/5e31d1e3-0187-4837-8530-60bbac61578f1/home/minhdanh/Documents/EmoMV/Dataset1/DS1_TRAIN_MATCH/sad_ORG_SAD(280).mp4,24.0,941,39.208333333333336,6186c7eadeeb54bc0ef4fd5cdbad3342d13599306a519ce9d9884e9129639793,DS1__sad_ORG_SAD(280),DS1__sad_ORG_SAD(280)
DS1,train,relax_REVIEW_RLX(34),relax,4,/Users/rafiabhista/Documents/code/apple/c1_audio/emomv_2/aria/media/minhdanh/5e31d1e3-0187-4837-8530-60bbac61578f1/home/minhdanh/Documents/EmoMV/Dataset1/DS1_TRAIN_MATCH/relax_REVIEW_RLX(34).mp4,29.970016668529848,1798,59.9932932932933,4815f063d1244666f5a6598a440181eefbc3c2d2ba58234faf54f56203d753f8,DS1__relax_REVIEW_RLX(34),DS1__relax_REVIEW_RLX(34)
DS1,val,exciting_ORG_EXT(337),exciting,0,/Users/rafiabhista/Documents/code/apple/c1_audio/emomv_2/aria/media/minhdanh/5e31d1e3-0187-4837-8530-60bbac61578f1/home/minhdanh/Documents/EmoMV/Dataset1/DS1_VAL_MATCH/exciting_ORG_EXT(337).mp4,29.970023995215367,1249,41.67497497497498,27b6d1e1ace03fda4fbb0149a48d362036dca01d7a6a868d4d48fed19aae67e6,DS1__exciting_ORG_EXT(337),DS1__exciting_ORG_EXT(337)
DS1,val,tense_ORG_TENS(308),tense,2,/Users/rafiabhista/Documents/code/apple/c1_audio/emomv_2/aria/media/minhdanh/5e31d1e3-0187-4837-8530-60bbac61578f1/home/minhdanh/Documents/EmoMV/Dataset1/DS1_VAL_MATCH/tense_ORG_TENS(308).mp4,25.0,1027,41.08,e187ef500d1d47261f3201473e2ab4a54b694b589cb62929b6363d212cdbc454,DS1__tense_ORG_TENS(308),DS1__tense_ORG_TENS(308)
DS1,val,tense_ORG_TENS(67),tense,2,/Users/rafiabhista/Documents/code/apple/c1_audio/emomv_2/aria/media/minhdanh/5e31d1e3-0187-4837-8530-60bbac61578f1/home/minhdanh/Documents/EmoMV/Dataset1/DS1_VAL_MATCH/tense_ORG_TENS(67).mp4,30.0,2624,87.46666666666667,a8657c702d17c5bc0a4c5a0842521d8dee49999a0b9d9aaeea69bde67618c623,DS1__tense_ORG_TENS(67),DS1__tense_ORG_TENS(67)
DS1,test,sad_ORG_SAD(95),sad,3,/Users/rafiabhista/Documents/code/apple/c1_audio/emomv_2/aria/media/minhdanh/5e31d1e3-0187-4837-8530-60bbac61578f1/home/minhdanh/Documents/EmoMV/Dataset1/DS1_TEST_MATCH/sad_ORG_SAD(95).mp4,24.0,863,35.958333333333336,f30874bce15075ea859cfdc5b0b2e98061efbd0d33972ab07d8400b04d913cef,DS1__sad_ORG_SAD(95),DS1__sad_ORG_SAD(95)
DS1,test,sad_FINAL_DL(90),sad,3,/Users/rafiabhista/Documents/code/apple/c1_audio/emomv_2/aria/media/minhdanh/5e31d1e3-0187-4837-8530-60bbac61578f1/home/minhdanh/Documents/EmoMV/Dataset1/DS1_TEST_MATCH/sad_FINAL_DL(90).mp4,30.0,11771,392.3666666666667,91a5dbc5f66d7ca037bc85178eae15515ea9605035987840d4b13138753d74d6,DS1__sad_FINAL_DL(90),DS1__sad_FINAL_DL(90)
