Metric,Value
Total annotation rows (all splits),"5,986"
Training rows,"4,966"
Validation rows,772
Test rows (DS1 only),248
Physical .mp4 files on disk,"6,452"
Emotion classes,"exciting, fear, relax, sad, tense"
"Imbalance ratio (max/min, train set)",1.65×
Duration — min (s),9.01
Duration — median (s),30.00
Duration — mean (s),27.60
Duration — max (s),392.37
Duration — std (s),9.85
Dominant FPS,25.00
Frame count — median,732
Frame count — mean,723
Dominant resolution,640×360
Dominant aspect ratio,16:9
Dominant orientation,landscape
Dominant video codec,h264
Median file size (MB),2.20
"Total storage (GB, on-disk)",15.89
Corrupt / unreadable files,0
Annotation entries missing on disk,0
Matched pairs,"3,178"
Mismatched pairs,"2,808"
